Traveler ID,Days,Place ID
0,80.64657756613256,59
0,235.49366412282828,23
0,318.70257158522935,76
1,32.787134144236994,49
1,65.38867228100221,5
1,143.4943506115183,72
1,172.650798031163,72
1,316.5803010141229,84
2,88.4001686918016,60
2,126.85278109910891,60
2,241.59006842198136,63
2,265.6188326916466,84
3,3.4269545635538163,59
3,81.64013075946859,9
3,84.85122366539542,9
4,111.47074929423299,49
4,161.62453442083424,8
4,194.40947831749438,8
