ID,Days,x(km),y(km)
0,4.661218946490499,-55.30740382235797,-2.142946887494819
0,6.879437592789283,-55.30740382235797,-2.142946887494819
0,7.759302434827928,-55.30740382235797,-2.142946887494819
0,12.617916153954182,-44.868683231744214,-123.910948327088
1,0.764289895686256,-44.868683231744214,-123.910948327088
2,7.875934628086231,-55.30740382235797,-2.142946887494819
2,11.592740682788381,31.134637946693466,-106.34236903098571
