Traveler ID,Days,Place ID
0,4.661218946490499,3
0,6.879437592789283,3
0,7.759302434827928,3
0,12.617916153954182,2
1,0.764289895686256,2
2,7.875934628086231,3
2,11.592740682788381,1
